"","primary","second","total_income","indv1_contrib","bonus"
"1",495000,495000,990000,0.5,1174.57000000001
"2",485000,495000,980000,0.494897959183673,1374.57000000001
"3",485000,485000,970000,0.5,1574.57000000001
"4",475000,495000,970000,0.489690721649485,1574.57000000001
"5",475000,485000,960000,0.494791666666667,1774.57000000001
"6",465000,495000,960000,0.484375,1774.57000000001
"7",475000,475000,950000,0.5,1974.57000000001
"8",465000,485000,950000,0.489473684210526,1974.57000000001
"9",455000,495000,950000,0.478947368421053,1974.57000000001
"10",465000,475000,940000,0.49468085106383,2174.57000000001
"11",455000,485000,940000,0.484042553191489,2174.57000000001
"12",445000,495000,940000,0.473404255319149,2174.57000000001
"13",465000,465000,930000,0.5,2374.57000000001
"14",455000,475000,930000,0.489247311827957,2374.57000000001
"15",445000,485000,930000,0.478494623655914,2374.57000000001
"16",435000,495000,930000,0.467741935483871,2374.57000000001
"17",455000,465000,920000,0.494565217391304,2574.57000000001
"18",445000,475000,920000,0.483695652173913,2574.57000000001
"19",435000,485000,920000,0.472826086956522,2574.57000000001
"20",425000,495000,920000,0.46195652173913,2574.57000000001
"21",455000,455000,910000,0.5,2774.57000000001
"22",445000,465000,910000,0.489010989010989,2774.57000000001
"23",435000,475000,910000,0.478021978021978,2774.57000000001
"24",425000,485000,910000,0.467032967032967,2774.57000000001
"25",415000,495000,910000,0.456043956043956,2774.57000000001
"26",445000,455000,9e+05,0.494444444444444,2974.56999999995
"27",435000,465000,9e+05,0.483333333333333,2974.56999999995
"28",425000,475000,9e+05,0.472222222222222,2974.56999999995
"29",415000,485000,9e+05,0.461111111111111,2974.56999999995
"30",405000,495000,9e+05,0.45,2974.56999999995
"31",445000,445000,890000,0.5,3174.56999999995
"32",435000,455000,890000,0.48876404494382,3174.56999999995
"33",425000,465000,890000,0.47752808988764,3174.56999999995
"34",415000,475000,890000,0.466292134831461,3174.56999999995
"35",405000,485000,890000,0.455056179775281,3174.56999999995
"36",395000,495000,890000,0.443820224719101,3174.56999999995
"37",435000,445000,880000,0.494318181818182,3374.56999999995
"38",425000,455000,880000,0.482954545454545,3374.56999999995
"39",415000,465000,880000,0.471590909090909,3374.56999999995
"40",405000,475000,880000,0.460227272727273,3374.56999999995
"41",395000,485000,880000,0.448863636363636,3374.56999999995
"42",385000,495000,880000,0.4375,3374.56999999995
"43",435000,435000,870000,0.5,3574.56999999995
"44",425000,445000,870000,0.488505747126437,3574.56999999995
"45",415000,455000,870000,0.477011494252874,3574.56999999995
"46",405000,465000,870000,0.46551724137931,3574.56999999995
"47",395000,475000,870000,0.454022988505747,3574.56999999995
"48",385000,485000,870000,0.442528735632184,3574.56999999995
"49",375000,495000,870000,0.431034482758621,3574.56999999995
"50",425000,435000,860000,0.494186046511628,3774.56999999995
"51",415000,445000,860000,0.482558139534884,3774.56999999995
"52",405000,455000,860000,0.47093023255814,3774.56999999995
"53",395000,465000,860000,0.459302325581395,3774.56999999995
"54",385000,475000,860000,0.447674418604651,3774.56999999995
"55",375000,485000,860000,0.436046511627907,3774.56999999995
"56",365000,495000,860000,0.424418604651163,3774.56999999995
"57",425000,425000,850000,0.5,3974.56999999995
"58",415000,435000,850000,0.488235294117647,3974.56999999995
"59",405000,445000,850000,0.476470588235294,3974.56999999995
"60",395000,455000,850000,0.464705882352941,3974.56999999995
"61",385000,465000,850000,0.452941176470588,3974.56999999995
"62",375000,475000,850000,0.441176470588235,3974.56999999995
"63",365000,485000,850000,0.429411764705882,3974.56999999995
"64",355000,495000,850000,0.417647058823529,3974.56999999995
"65",415000,425000,840000,0.494047619047619,4174.56999999995
"66",405000,435000,840000,0.482142857142857,4174.56999999995
"67",395000,445000,840000,0.470238095238095,4174.56999999995
"68",385000,455000,840000,0.458333333333333,4174.56999999995
"69",375000,465000,840000,0.446428571428571,4174.56999999995
"70",365000,475000,840000,0.43452380952381,4174.56999999995
"71",355000,485000,840000,0.422619047619048,4174.56999999995
"72",345000,495000,840000,0.410714285714286,4174.56999999995
"73",415000,415000,830000,0.5,4374.56999999998
"74",405000,425000,830000,0.487951807228916,4374.56999999998
"75",395000,435000,830000,0.475903614457831,4374.56999999998
"76",385000,445000,830000,0.463855421686747,4374.56999999998
"77",375000,455000,830000,0.451807228915663,4374.56999999998
"78",365000,465000,830000,0.439759036144578,4374.56999999998
"79",355000,475000,830000,0.427710843373494,4374.56999999998
"80",345000,485000,830000,0.41566265060241,4374.56999999998
"81",335000,495000,830000,0.403614457831325,4374.56999999998
"82",405000,415000,820000,0.49390243902439,4574.56999999998
"83",395000,425000,820000,0.481707317073171,4574.56999999998
"84",385000,435000,820000,0.469512195121951,4574.56999999998
"85",375000,445000,820000,0.457317073170732,4574.56999999998
"86",365000,455000,820000,0.445121951219512,4574.56999999998
"87",355000,465000,820000,0.432926829268293,4574.56999999998
"88",345000,475000,820000,0.420731707317073,4574.56999999998
"89",335000,485000,820000,0.408536585365854,4574.56999999998
"90",325000,495000,820000,0.396341463414634,4574.56999999998
"91",405000,405000,810000,0.5,4774.57000000001
"92",395000,415000,810000,0.487654320987654,4774.56999999998
"93",385000,425000,810000,0.475308641975309,4774.56999999998
"94",375000,435000,810000,0.462962962962963,4774.56999999998
"95",365000,445000,810000,0.450617283950617,4774.56999999998
"96",355000,455000,810000,0.438271604938272,4774.56999999998
"97",345000,465000,810000,0.425925925925926,4774.56999999998
"98",335000,475000,810000,0.41358024691358,4774.56999999998
"99",325000,485000,810000,0.401234567901235,4774.56999999998
"100",315000,495000,810000,0.388888888888889,4774.56999999998
"101",395000,405000,8e+05,0.49375,4974.57000000001
"102",385000,415000,8e+05,0.48125,4974.56999999998
"103",375000,425000,8e+05,0.46875,4974.56999999998
"104",365000,435000,8e+05,0.45625,4974.56999999998
"105",355000,445000,8e+05,0.44375,4974.56999999998
"106",345000,455000,8e+05,0.43125,4974.56999999998
"107",335000,465000,8e+05,0.41875,4974.56999999998
"108",325000,475000,8e+05,0.40625,4974.56999999998
"109",315000,485000,8e+05,0.39375,4974.56999999998
"110",305000,495000,8e+05,0.38125,4974.56999999998
"111",395000,395000,790000,0.5,5174.57000000001
"112",385000,405000,790000,0.487341772151899,5174.57000000001
"113",375000,415000,790000,0.474683544303797,5174.56999999998
"114",365000,425000,790000,0.462025316455696,5174.56999999998
"115",355000,435000,790000,0.449367088607595,5174.56999999998
"116",345000,445000,790000,0.436708860759494,5174.56999999998
"117",335000,455000,790000,0.424050632911392,5174.56999999998
"118",325000,465000,790000,0.411392405063291,5174.56999999998
"119",315000,475000,790000,0.39873417721519,5174.56999999998
"120",305000,485000,790000,0.386075949367089,5174.56999999998
"121",295000,495000,790000,0.373417721518987,5174.56999999998
"122",385000,395000,780000,0.493589743589744,5374.57000000001
"123",375000,405000,780000,0.480769230769231,5374.57000000001
"124",365000,415000,780000,0.467948717948718,5374.56999999998
"125",355000,425000,780000,0.455128205128205,5374.56999999998
"126",345000,435000,780000,0.442307692307692,5374.56999999998
"127",335000,445000,780000,0.429487179487179,5374.56999999998
"128",325000,455000,780000,0.416666666666667,5374.56999999998
"129",315000,465000,780000,0.403846153846154,5374.56999999998
"130",305000,475000,780000,0.391025641025641,5374.56999999998
"131",295000,485000,780000,0.378205128205128,5374.56999999998
"132",285000,495000,780000,0.365384615384615,5374.56999999998
"133",385000,385000,770000,0.5,5574.57000000001
"134",375000,395000,770000,0.487012987012987,5574.57000000001
"135",365000,405000,770000,0.474025974025974,5574.57000000001
"136",355000,415000,770000,0.461038961038961,5574.56999999998
"137",345000,425000,770000,0.448051948051948,5574.56999999998
"138",335000,435000,770000,0.435064935064935,5574.56999999998
"139",325000,445000,770000,0.422077922077922,5574.56999999998
"140",315000,455000,770000,0.409090909090909,5574.56999999998
"141",305000,465000,770000,0.396103896103896,5574.56999999998
"142",295000,475000,770000,0.383116883116883,5574.56999999998
"143",285000,485000,770000,0.37012987012987,5574.56999999998
"144",275000,495000,770000,0.357142857142857,5574.56999999998
"145",375000,385000,760000,0.493421052631579,5774.57000000001
"146",365000,395000,760000,0.480263157894737,5774.57000000001
"147",355000,405000,760000,0.467105263157895,5774.57000000001
"148",345000,415000,760000,0.453947368421053,5774.56999999998
"149",335000,425000,760000,0.440789473684211,5774.56999999998
"150",325000,435000,760000,0.427631578947368,5774.56999999998
"151",315000,445000,760000,0.414473684210526,5774.56999999998
"152",305000,455000,760000,0.401315789473684,5774.56999999998
"153",295000,465000,760000,0.388157894736842,5774.56999999998
"154",285000,475000,760000,0.375,5774.56999999998
"155",275000,485000,760000,0.361842105263158,5774.56999999998
"156",265000,495000,760000,0.348684210526316,5774.56999999998
"157",375000,375000,750000,0.5,5974.57000000001
"158",365000,385000,750000,0.486666666666667,5974.57000000001
"159",355000,395000,750000,0.473333333333333,5974.57000000001
"160",345000,405000,750000,0.46,5974.57000000001
"161",335000,415000,750000,0.446666666666667,5974.56999999998
"162",325000,425000,750000,0.433333333333333,5974.56999999998
"163",315000,435000,750000,0.42,5974.56999999998
"164",305000,445000,750000,0.406666666666667,5974.56999999998
"165",295000,455000,750000,0.393333333333333,5974.56999999998
"166",285000,465000,750000,0.38,5974.56999999998
"167",275000,475000,750000,0.366666666666667,5974.56999999998
"168",265000,485000,750000,0.353333333333333,5974.56999999998
"169",255000,495000,750000,0.34,5974.56999999998
"170",365000,375000,740000,0.493243243243243,6174.57000000001
"171",355000,385000,740000,0.47972972972973,6174.57000000001
"172",345000,395000,740000,0.466216216216216,6174.57000000001
"173",335000,405000,740000,0.452702702702703,6174.57000000001
"174",325000,415000,740000,0.439189189189189,6174.56999999998
"175",315000,425000,740000,0.425675675675676,6174.56999999998
"176",305000,435000,740000,0.412162162162162,6174.56999999998
"177",295000,445000,740000,0.398648648648649,6174.56999999998
"178",285000,455000,740000,0.385135135135135,6174.56999999998
"179",275000,465000,740000,0.371621621621622,6174.56999999998
"180",265000,475000,740000,0.358108108108108,6174.56999999998
"181",255000,485000,740000,0.344594594594595,6174.56999999998
"182",245000,495000,740000,0.331081081081081,6174.56999999998
"183",365000,365000,730000,0.5,6374.57000000001
"184",355000,375000,730000,0.486301369863014,6374.57000000001
"185",345000,385000,730000,0.472602739726027,6374.57000000001
"186",335000,395000,730000,0.458904109589041,6374.57000000001
"187",325000,405000,730000,0.445205479452055,6374.57000000001
"188",315000,415000,730000,0.431506849315068,6374.56999999998
"189",305000,425000,730000,0.417808219178082,6374.56999999998
"190",295000,435000,730000,0.404109589041096,6374.56999999998
"191",285000,445000,730000,0.39041095890411,6374.56999999998
"192",275000,455000,730000,0.376712328767123,6374.56999999998
"193",265000,465000,730000,0.363013698630137,6374.56999999998
"194",255000,475000,730000,0.349315068493151,6374.56999999998
"195",245000,485000,730000,0.335616438356164,6374.56999999998
"196",235000,495000,730000,0.321917808219178,6374.56999999998
"197",355000,365000,720000,0.493055555555556,6574.57000000001
"198",345000,375000,720000,0.479166666666667,6574.57000000001
"199",335000,385000,720000,0.465277777777778,6574.57000000001
"200",325000,395000,720000,0.451388888888889,6574.57000000001
"201",315000,405000,720000,0.4375,6574.57000000001
"202",305000,415000,720000,0.423611111111111,6574.56999999998
"203",295000,425000,720000,0.409722222222222,6574.56999999998
"204",285000,435000,720000,0.395833333333333,6574.56999999998
"205",275000,445000,720000,0.381944444444444,6574.56999999998
"206",265000,455000,720000,0.368055555555556,6574.56999999998
"207",255000,465000,720000,0.354166666666667,6574.56999999998
"208",245000,475000,720000,0.340277777777778,6574.56999999998
"209",235000,485000,720000,0.326388888888889,6574.56999999998
"210",225000,495000,720000,0.3125,6574.56999999998
"211",355000,355000,710000,0.5,6774.57000000001
"212",345000,365000,710000,0.485915492957746,6774.57000000001
"213",335000,375000,710000,0.471830985915493,6774.57000000001
"214",325000,385000,710000,0.457746478873239,6774.57000000001
"215",315000,395000,710000,0.443661971830986,6774.57000000001
"216",305000,405000,710000,0.429577464788732,6774.57000000001
"217",295000,415000,710000,0.415492957746479,6774.56999999998
"218",285000,425000,710000,0.401408450704225,6774.56999999998
"219",275000,435000,710000,0.387323943661972,6774.56999999998
"220",265000,445000,710000,0.373239436619718,6774.56999999998
"221",255000,455000,710000,0.359154929577465,6774.56999999998
"222",245000,465000,710000,0.345070422535211,6774.56999999998
"223",235000,475000,710000,0.330985915492958,6774.56999999998
"224",225000,485000,710000,0.316901408450704,6774.56999999998
"225",215000,495000,710000,0.302816901408451,6813.60000000001
"226",345000,355000,7e+05,0.492857142857143,6974.57000000001
"227",335000,365000,7e+05,0.478571428571429,6974.57000000001
"228",325000,375000,7e+05,0.464285714285714,6974.57000000001
"229",315000,385000,7e+05,0.45,6974.57000000001
"230",305000,395000,7e+05,0.435714285714286,6974.57000000001
"231",295000,405000,7e+05,0.421428571428571,6974.57000000001
"232",285000,415000,7e+05,0.407142857142857,6974.56999999998
"233",275000,425000,7e+05,0.392857142857143,6974.56999999998
"234",265000,435000,7e+05,0.378571428571429,6974.56999999998
"235",255000,445000,7e+05,0.364285714285714,6974.56999999998
"236",245000,455000,7e+05,0.35,6974.56999999998
"237",235000,465000,7e+05,0.335714285714286,6974.56999999998
"238",225000,475000,7e+05,0.321428571428571,6974.56999999998
"239",215000,485000,7e+05,0.307142857142857,7013.60000000001
"240",205000,495000,7e+05,0.292857142857143,7313.60000000001
"241",345000,345000,690000,0.5,7174.57000000001
"242",335000,355000,690000,0.485507246376812,7174.57000000001
"243",325000,365000,690000,0.471014492753623,7174.57000000001
"244",315000,375000,690000,0.456521739130435,7174.57000000001
"245",305000,385000,690000,0.442028985507246,7174.57000000001
"246",295000,395000,690000,0.427536231884058,7174.57000000001
"247",285000,405000,690000,0.41304347826087,7174.57000000001
"248",275000,415000,690000,0.398550724637681,7174.56999999998
"249",265000,425000,690000,0.384057971014493,7174.56999999998
"250",255000,435000,690000,0.369565217391304,7174.56999999998
"251",245000,445000,690000,0.355072463768116,7174.56999999998
"252",235000,455000,690000,0.340579710144928,7174.56999999998
"253",225000,465000,690000,0.326086956521739,7174.56999999998
"254",215000,475000,690000,0.311594202898551,7213.60000000001
"255",205000,485000,690000,0.297101449275362,7513.60000000001
"256",195000,495000,690000,0.282608695652174,7813.60000000001
"257",335000,345000,680000,0.492647058823529,7374.57000000001
"258",325000,355000,680000,0.477941176470588,7374.57000000001
"259",315000,365000,680000,0.463235294117647,7374.57000000001
"260",305000,375000,680000,0.448529411764706,7374.57000000001
"261",295000,385000,680000,0.433823529411765,7374.57000000001
"262",285000,395000,680000,0.419117647058824,7374.57000000001
"263",275000,405000,680000,0.404411764705882,7374.57000000001
"264",265000,415000,680000,0.389705882352941,7374.56999999998
"265",255000,425000,680000,0.375,7374.56999999998
"266",245000,435000,680000,0.360294117647059,7374.56999999998
"267",235000,445000,680000,0.345588235294118,7374.56999999998
"268",225000,455000,680000,0.330882352941176,7374.56999999998
"269",215000,465000,680000,0.316176470588235,7413.60000000001
"270",205000,475000,680000,0.301470588235294,7713.60000000001
"271",195000,485000,680000,0.286764705882353,8013.60000000001
"272",185000,495000,680000,0.272058823529412,8313.60000000001
"273",335000,335000,670000,0.5,7574.57000000001
"274",325000,345000,670000,0.485074626865672,7574.57000000001
"275",315000,355000,670000,0.470149253731343,7574.57000000001
"276",305000,365000,670000,0.455223880597015,7574.57000000001
"277",295000,375000,670000,0.440298507462687,7574.57000000001
"278",285000,385000,670000,0.425373134328358,7574.57000000001
"279",275000,395000,670000,0.41044776119403,7574.57000000001
"280",265000,405000,670000,0.395522388059701,7574.57000000001
"281",255000,415000,670000,0.380597014925373,7574.56999999998
"282",245000,425000,670000,0.365671641791045,7574.56999999998
"283",235000,435000,670000,0.350746268656716,7574.56999999998
"284",225000,445000,670000,0.335820895522388,7574.56999999998
"285",215000,455000,670000,0.32089552238806,7613.60000000001
"286",205000,465000,670000,0.305970149253731,7913.60000000001
"287",195000,475000,670000,0.291044776119403,8213.60000000001
"288",185000,485000,670000,0.276119402985075,8513.60000000001
"289",175000,495000,670000,0.261194029850746,8813.60000000001
"290",325000,335000,660000,0.492424242424242,7774.57000000001
"291",315000,345000,660000,0.477272727272727,7774.57000000001
"292",305000,355000,660000,0.462121212121212,7774.57000000001
"293",295000,365000,660000,0.446969696969697,7774.57000000001
"294",285000,375000,660000,0.431818181818182,7774.57000000001
"295",275000,385000,660000,0.416666666666667,7774.57000000001
"296",265000,395000,660000,0.401515151515151,7774.57000000001
"297",255000,405000,660000,0.386363636363636,7774.57000000001
"298",245000,415000,660000,0.371212121212121,7774.56999999998
"299",235000,425000,660000,0.356060606060606,7774.56999999998
"300",225000,435000,660000,0.340909090909091,7774.56999999998
"301",215000,445000,660000,0.325757575757576,7813.60000000001
"302",205000,455000,660000,0.310606060606061,8113.60000000001
"303",195000,465000,660000,0.295454545454545,8413.60000000001
"304",185000,475000,660000,0.28030303030303,8713.60000000001
"305",175000,485000,660000,0.265151515151515,9013.60000000001
"306",165000,495000,660000,0.25,9947.67999999999
"307",325000,325000,650000,0.5,7974.57000000001
"308",315000,335000,650000,0.484615384615385,7974.57000000001
"309",305000,345000,650000,0.469230769230769,7974.57000000001
"310",295000,355000,650000,0.453846153846154,7974.57000000001
"311",285000,365000,650000,0.438461538461538,7974.57000000001
"312",275000,375000,650000,0.423076923076923,7974.57000000001
"313",265000,385000,650000,0.407692307692308,7974.57000000001
"314",255000,395000,650000,0.392307692307692,7974.57000000001
"315",245000,405000,650000,0.376923076923077,7974.57000000001
"316",235000,415000,650000,0.361538461538462,7974.56999999998
"317",225000,425000,650000,0.346153846153846,7974.56999999998
"318",215000,435000,650000,0.330769230769231,8013.60000000001
"319",205000,445000,650000,0.315384615384615,8313.60000000001
"320",195000,455000,650000,0.3,8613.60000000001
"321",185000,465000,650000,0.284615384615385,8913.60000000001
"322",175000,475000,650000,0.269230769230769,9213.60000000001
"323",165000,485000,650000,0.253846153846154,10147.68
"324",155000,495000,650000,0.238461538461538,11247.68
"325",315000,325000,640000,0.4921875,8174.57000000001
"326",305000,335000,640000,0.4765625,8174.57000000001
"327",295000,345000,640000,0.4609375,8174.57000000001
"328",285000,355000,640000,0.4453125,8174.57000000001
"329",275000,365000,640000,0.4296875,8174.57000000001
"330",265000,375000,640000,0.4140625,8174.57000000001
"331",255000,385000,640000,0.3984375,8174.57000000001
"332",245000,395000,640000,0.3828125,8174.57000000001
"333",235000,405000,640000,0.3671875,8174.57000000001
"334",225000,415000,640000,0.3515625,8174.56999999998
"335",215000,425000,640000,0.3359375,8213.60000000001
"336",205000,435000,640000,0.3203125,8513.60000000001
"337",195000,445000,640000,0.3046875,8813.60000000001
"338",185000,455000,640000,0.2890625,9113.60000000001
"339",175000,465000,640000,0.2734375,9413.60000000001
"340",165000,475000,640000,0.2578125,10347.68
"341",155000,485000,640000,0.2421875,11447.68
"342",145000,495000,640000,0.2265625,12547.68
"343",315000,315000,630000,0.5,8239.55000000002
"344",305000,325000,630000,0.484126984126984,8239.55000000002
"345",295000,335000,630000,0.468253968253968,8239.55000000002
"346",285000,345000,630000,0.452380952380952,8239.55000000002
"347",275000,355000,630000,0.436507936507937,8239.55000000002
"348",265000,365000,630000,0.420634920634921,8239.55000000002
"349",255000,375000,630000,0.404761904761905,8239.55000000002
"350",245000,385000,630000,0.388888888888889,8239.55000000002
"351",235000,395000,630000,0.373015873015873,8239.55000000002
"352",225000,405000,630000,0.357142857142857,8239.55000000002
"353",215000,415000,630000,0.341269841269841,8278.58000000002
"354",205000,425000,630000,0.325396825396825,8578.58000000002
"355",195000,435000,630000,0.30952380952381,8878.58000000002
"356",185000,445000,630000,0.293650793650794,9178.58000000002
"357",175000,455000,630000,0.277777777777778,9478.58000000002
"358",165000,465000,630000,0.261904761904762,10412.66
"359",155000,475000,630000,0.246031746031746,11512.66
"360",145000,485000,630000,0.23015873015873,12612.66
"361",135000,495000,630000,0.214285714285714,13712.66
"362",305000,315000,620000,0.491935483870968,8239.55000000002
"363",295000,325000,620000,0.475806451612903,8239.55000000002
"364",285000,335000,620000,0.459677419354839,8239.55000000002
"365",275000,345000,620000,0.443548387096774,8239.55000000002
"366",265000,355000,620000,0.42741935483871,8239.55000000002
"367",255000,365000,620000,0.411290322580645,8239.55000000002
"368",245000,375000,620000,0.395161290322581,8239.55000000002
"369",235000,385000,620000,0.379032258064516,8239.55000000002
"370",225000,395000,620000,0.362903225806452,8239.55000000002
"371",215000,405000,620000,0.346774193548387,8278.58000000002
"372",205000,415000,620000,0.330645161290323,8578.58000000002
"373",195000,425000,620000,0.314516129032258,8878.58000000002
"374",185000,435000,620000,0.298387096774194,9178.58000000002
"375",175000,445000,620000,0.282258064516129,9478.58000000002
"376",165000,455000,620000,0.266129032258065,10412.66
"377",155000,465000,620000,0.25,11512.66
"378",145000,475000,620000,0.233870967741935,12612.66
"379",135000,485000,620000,0.217741935483871,13712.66
"380",125000,495000,620000,0.201612903225806,14322.86
"381",305000,305000,610000,0.5,8239.55000000002
"382",295000,315000,610000,0.483606557377049,8239.55000000002
"383",285000,325000,610000,0.467213114754098,8239.55000000002
"384",275000,335000,610000,0.450819672131148,8239.55000000002
"385",265000,345000,610000,0.434426229508197,8239.55000000002
"386",255000,355000,610000,0.418032786885246,8239.55000000002
"387",245000,365000,610000,0.401639344262295,8239.55000000002
"388",235000,375000,610000,0.385245901639344,8239.55000000002
"389",225000,385000,610000,0.368852459016393,8239.55000000002
"390",215000,395000,610000,0.352459016393443,8278.58000000002
"391",205000,405000,610000,0.336065573770492,8578.58000000002
"392",195000,415000,610000,0.319672131147541,8878.58000000002
"393",185000,425000,610000,0.30327868852459,9178.58000000002
"394",175000,435000,610000,0.286885245901639,9478.58000000002
"395",165000,445000,610000,0.270491803278689,10412.66
"396",155000,455000,610000,0.254098360655738,11512.66
"397",145000,465000,610000,0.237704918032787,12612.66
"398",135000,475000,610000,0.221311475409836,13712.66
"399",125000,485000,610000,0.204918032786885,14322.86
"400",115000,495000,610000,0.188524590163934,14892.86
"401",295000,305000,6e+05,0.491666666666667,8239.55000000002
"402",285000,315000,6e+05,0.475,8239.55000000002
"403",275000,325000,6e+05,0.458333333333333,8239.55000000002
"404",265000,335000,6e+05,0.441666666666667,8239.55000000002
"405",255000,345000,6e+05,0.425,8239.55000000002
"406",245000,355000,6e+05,0.408333333333333,8239.55000000002
"407",235000,365000,6e+05,0.391666666666667,8239.55000000002
"408",225000,375000,6e+05,0.375,8239.55000000002
"409",215000,385000,6e+05,0.358333333333333,8278.58000000002
"410",205000,395000,6e+05,0.341666666666667,8578.58000000002
"411",195000,405000,6e+05,0.325,8878.58000000002
"412",185000,415000,6e+05,0.308333333333333,9178.58000000002
"413",175000,425000,6e+05,0.291666666666667,9478.58000000002
"414",165000,435000,6e+05,0.275,10412.66
"415",155000,445000,6e+05,0.258333333333333,11512.66
"416",145000,455000,6e+05,0.241666666666667,12612.66
"417",135000,465000,6e+05,0.225,13712.66
"418",125000,475000,6e+05,0.208333333333333,14322.86
"419",115000,485000,6e+05,0.191666666666667,14892.86
"420",105000,495000,6e+05,0.175,15462.86
"421",295000,295000,590000,0.5,8239.55000000002
"422",285000,305000,590000,0.483050847457627,8239.55000000002
"423",275000,315000,590000,0.466101694915254,8239.55000000002
"424",265000,325000,590000,0.449152542372881,8239.55000000002
"425",255000,335000,590000,0.432203389830508,8239.55000000002
"426",245000,345000,590000,0.415254237288136,8239.55000000002
"427",235000,355000,590000,0.398305084745763,8239.55000000002
"428",225000,365000,590000,0.38135593220339,8239.55000000002
"429",215000,375000,590000,0.364406779661017,8278.58000000002
"430",205000,385000,590000,0.347457627118644,8578.58000000002
"431",195000,395000,590000,0.330508474576271,8878.58000000002
"432",185000,405000,590000,0.313559322033898,9178.58000000002
"433",175000,415000,590000,0.296610169491525,9478.58000000002
"434",165000,425000,590000,0.279661016949153,10412.66
"435",155000,435000,590000,0.26271186440678,11512.66
"436",145000,445000,590000,0.245762711864407,12612.66
"437",135000,455000,590000,0.228813559322034,13712.66
"438",125000,465000,590000,0.211864406779661,14322.86
"439",115000,475000,590000,0.194915254237288,14892.86
"440",105000,485000,590000,0.177966101694915,15462.86
"441",95000,495000,590000,0.161016949152542,16060.88
"442",285000,295000,580000,0.491379310344828,8239.55000000002
"443",275000,305000,580000,0.474137931034483,8239.55000000002
"444",265000,315000,580000,0.456896551724138,8239.55000000002
"445",255000,325000,580000,0.439655172413793,8239.55000000002
"446",245000,335000,580000,0.422413793103448,8239.55000000002
"447",235000,345000,580000,0.405172413793103,8239.55000000002
"448",225000,355000,580000,0.387931034482759,8239.55000000002
"449",215000,365000,580000,0.370689655172414,8278.58000000002
"450",205000,375000,580000,0.353448275862069,8578.58000000002
"451",195000,385000,580000,0.336206896551724,8878.58000000002
"452",185000,395000,580000,0.318965517241379,9178.58000000002
"453",175000,405000,580000,0.301724137931034,9478.58000000002
"454",165000,415000,580000,0.28448275862069,10412.66
"455",155000,425000,580000,0.267241379310345,11512.66
"456",145000,435000,580000,0.25,12612.66
"457",135000,445000,580000,0.232758620689655,13712.66
"458",125000,455000,580000,0.21551724137931,14322.86
"459",115000,465000,580000,0.198275862068966,14892.86
"460",105000,475000,580000,0.181034482758621,15462.86
"461",95000,485000,580000,0.163793103448276,16060.88
"462",85000,495000,580000,0.146551724137931,16830.88
"463",285000,285000,570000,0.5,8239.55000000002
"464",275000,295000,570000,0.482456140350877,8239.55000000002
"465",265000,305000,570000,0.464912280701754,8239.55000000002
"466",255000,315000,570000,0.447368421052632,8239.55000000002
"467",245000,325000,570000,0.429824561403509,8239.55000000002
"468",235000,335000,570000,0.412280701754386,8239.55000000002
"469",225000,345000,570000,0.394736842105263,8239.55000000002
"470",215000,355000,570000,0.37719298245614,8278.58000000002
"471",205000,365000,570000,0.359649122807018,8578.58000000002
"472",195000,375000,570000,0.342105263157895,8878.58000000002
"473",185000,385000,570000,0.324561403508772,9178.58000000002
"474",175000,395000,570000,0.307017543859649,9478.58000000002
"475",165000,405000,570000,0.289473684210526,10412.66
"476",155000,415000,570000,0.271929824561404,11512.66
"477",145000,425000,570000,0.254385964912281,12612.66
"478",135000,435000,570000,0.236842105263158,13712.66
"479",125000,445000,570000,0.219298245614035,14322.86
"480",115000,455000,570000,0.201754385964912,14892.86
"481",105000,465000,570000,0.184210526315789,15462.86
"482",95000,475000,570000,0.166666666666667,16060.88
"483",85000,485000,570000,0.149122807017544,16830.88
"484",75000,495000,570000,0.131578947368421,17600.88
"485",275000,285000,560000,0.491071428571429,8239.55000000002
"486",265000,295000,560000,0.473214285714286,8239.55000000002
"487",255000,305000,560000,0.455357142857143,8239.55000000002
"488",245000,315000,560000,0.4375,8239.55000000002
"489",235000,325000,560000,0.419642857142857,8239.55000000002
"490",225000,335000,560000,0.401785714285714,8239.55000000002
"491",215000,345000,560000,0.383928571428571,8278.58000000002
"492",205000,355000,560000,0.366071428571429,8578.58000000002
"493",195000,365000,560000,0.348214285714286,8878.58000000002
"494",185000,375000,560000,0.330357142857143,9178.58000000002
"495",175000,385000,560000,0.3125,9478.58000000002
"496",165000,395000,560000,0.294642857142857,10412.66
"497",155000,405000,560000,0.276785714285714,11512.66
"498",145000,415000,560000,0.258928571428571,12612.66
"499",135000,425000,560000,0.241071428571429,13712.66
"500",125000,435000,560000,0.223214285714286,14322.86
"501",115000,445000,560000,0.205357142857143,14892.86
"502",105000,455000,560000,0.1875,15462.86
"503",95000,465000,560000,0.169642857142857,16060.88
"504",85000,475000,560000,0.151785714285714,16830.88
"505",75000,485000,560000,0.133928571428571,17600.88
"506",65000,495000,560000,0.116071428571429,18370.88
"507",275000,275000,550000,0.5,8239.55000000002
"508",265000,285000,550000,0.481818181818182,8239.55000000002
"509",255000,295000,550000,0.463636363636364,8239.55000000002
"510",245000,305000,550000,0.445454545454545,8239.55000000002
"511",235000,315000,550000,0.427272727272727,8239.55000000002
"512",225000,325000,550000,0.409090909090909,8239.55000000002
"513",215000,335000,550000,0.390909090909091,8278.58000000002
"514",205000,345000,550000,0.372727272727273,8578.58000000002
"515",195000,355000,550000,0.354545454545455,8878.58000000002
"516",185000,365000,550000,0.336363636363636,9178.58000000002
"517",175000,375000,550000,0.318181818181818,9478.58000000002
"518",165000,385000,550000,0.3,10412.66
"519",155000,395000,550000,0.281818181818182,11512.66
"520",145000,405000,550000,0.263636363636364,12612.66
"521",135000,415000,550000,0.245454545454545,13712.66
"522",125000,425000,550000,0.227272727272727,14322.86
"523",115000,435000,550000,0.209090909090909,14892.86
"524",105000,445000,550000,0.190909090909091,15462.86
"525",95000,455000,550000,0.172727272727273,16060.88
"526",85000,465000,550000,0.154545454545455,16830.88
"527",75000,475000,550000,0.136363636363636,17600.88
"528",65000,485000,550000,0.118181818181818,18370.88
"529",55000,495000,550000,0.1,19140.88
"530",265000,275000,540000,0.490740740740741,8239.55000000002
"531",255000,285000,540000,0.472222222222222,8239.55000000002
"532",245000,295000,540000,0.453703703703704,8239.55000000002
"533",235000,305000,540000,0.435185185185185,8239.55000000002
"534",225000,315000,540000,0.416666666666667,8239.55000000002
"535",215000,325000,540000,0.398148148148148,8278.58000000002
"536",205000,335000,540000,0.37962962962963,8578.58000000002
"537",195000,345000,540000,0.361111111111111,8878.58000000002
"538",185000,355000,540000,0.342592592592593,9178.58000000002
"539",175000,365000,540000,0.324074074074074,9478.58000000002
"540",165000,375000,540000,0.305555555555556,10412.66
"541",155000,385000,540000,0.287037037037037,11512.66
"542",145000,395000,540000,0.268518518518519,12612.66
"543",135000,405000,540000,0.25,13712.66
"544",125000,415000,540000,0.231481481481481,14322.86
"545",115000,425000,540000,0.212962962962963,14892.86
"546",105000,435000,540000,0.194444444444444,15462.86
"547",95000,445000,540000,0.175925925925926,16060.88
"548",85000,455000,540000,0.157407407407407,16830.88
"549",75000,465000,540000,0.138888888888889,17600.88
"550",65000,475000,540000,0.12037037037037,18370.88
"551",55000,485000,540000,0.101851851851852,19140.88
"552",45000,495000,540000,0.0833333333333333,20578.48
"553",265000,265000,530000,0.5,8239.55000000002
"554",255000,275000,530000,0.481132075471698,8239.55000000002
"555",245000,285000,530000,0.462264150943396,8239.55000000002
"556",235000,295000,530000,0.443396226415094,8239.55000000002
"557",225000,305000,530000,0.424528301886792,8239.55000000002
"558",215000,315000,530000,0.405660377358491,8278.58000000002
"559",205000,325000,530000,0.386792452830189,8578.58000000002
"560",195000,335000,530000,0.367924528301887,8878.58000000002
"561",185000,345000,530000,0.349056603773585,9178.58000000002
"562",175000,355000,530000,0.330188679245283,9478.58000000002
"563",165000,365000,530000,0.311320754716981,10412.66
"564",155000,375000,530000,0.292452830188679,11512.66
"565",145000,385000,530000,0.273584905660377,12612.66
"566",135000,395000,530000,0.254716981132075,13712.66
"567",125000,405000,530000,0.235849056603774,14322.86
"568",115000,415000,530000,0.216981132075472,14892.86
"569",105000,425000,530000,0.19811320754717,15462.86
"570",95000,435000,530000,0.179245283018868,16060.88
"571",85000,445000,530000,0.160377358490566,16830.88
"572",75000,455000,530000,0.141509433962264,17600.88
"573",65000,465000,530000,0.122641509433962,18370.88
"574",55000,475000,530000,0.10377358490566,19140.88
"575",45000,485000,530000,0.0849056603773585,20578.48
"576",35000,495000,530000,0.0660377358490566,22348.48
"577",255000,265000,520000,0.490384615384615,8239.55000000002
"578",245000,275000,520000,0.471153846153846,8239.55000000002
"579",235000,285000,520000,0.451923076923077,8239.55000000002
"580",225000,295000,520000,0.432692307692308,8239.55000000002
"581",215000,305000,520000,0.413461538461538,8278.58000000002
"582",205000,315000,520000,0.394230769230769,8578.58000000002
"583",195000,325000,520000,0.375,8878.58000000002
"584",185000,335000,520000,0.355769230769231,9178.58000000002
"585",175000,345000,520000,0.336538461538462,9478.58000000002
"586",165000,355000,520000,0.317307692307692,10412.66
"587",155000,365000,520000,0.298076923076923,11512.66
"588",145000,375000,520000,0.278846153846154,12612.66
"589",135000,385000,520000,0.259615384615385,13712.66
"590",125000,395000,520000,0.240384615384615,14322.86
"591",115000,405000,520000,0.221153846153846,14892.86
"592",105000,415000,520000,0.201923076923077,15462.86
"593",95000,425000,520000,0.182692307692308,16060.88
"594",85000,435000,520000,0.163461538461538,16830.88
"595",75000,445000,520000,0.144230769230769,17600.88
"596",65000,455000,520000,0.125,18370.88
"597",55000,465000,520000,0.105769230769231,19140.88
"598",45000,475000,520000,0.0865384615384615,20578.48
"599",35000,485000,520000,0.0673076923076923,22348.48
"600",25000,495000,520000,0.0480769230769231,24118.48
"601",255000,255000,510000,0.5,8239.55000000002
"602",245000,265000,510000,0.480392156862745,8239.55000000002
"603",235000,275000,510000,0.46078431372549,8239.55000000002
"604",225000,285000,510000,0.441176470588235,8239.55000000002
"605",215000,295000,510000,0.42156862745098,8278.58000000002
"606",205000,305000,510000,0.401960784313726,8578.58000000002
"607",195000,315000,510000,0.382352941176471,8878.58000000002
"608",185000,325000,510000,0.362745098039216,9178.58000000002
"609",175000,335000,510000,0.343137254901961,9478.58000000002
"610",165000,345000,510000,0.323529411764706,10412.66
"611",155000,355000,510000,0.303921568627451,11512.66
"612",145000,365000,510000,0.284313725490196,12612.66
"613",135000,375000,510000,0.264705882352941,13712.66
"614",125000,385000,510000,0.245098039215686,14322.86
"615",115000,395000,510000,0.225490196078431,14892.86
"616",105000,405000,510000,0.205882352941176,15462.86
"617",95000,415000,510000,0.186274509803922,16060.88
"618",85000,425000,510000,0.166666666666667,16830.88
"619",75000,435000,510000,0.147058823529412,17600.88
"620",65000,445000,510000,0.127450980392157,18370.88
"621",55000,455000,510000,0.107843137254902,19140.88
"622",45000,465000,510000,0.0882352941176471,20578.48
"623",35000,475000,510000,0.0686274509803922,22348.48
"624",25000,485000,510000,0.0490196078431373,24118.48
"625",15000,495000,510000,0.0294117647058824,26026.5
"626",245000,255000,5e+05,0.49,8239.55000000002
"627",235000,265000,5e+05,0.47,8239.55000000002
"628",225000,275000,5e+05,0.45,8239.55000000002
"629",215000,285000,5e+05,0.43,8278.58000000002
"630",205000,295000,5e+05,0.41,8578.58000000002
"631",195000,305000,5e+05,0.39,8878.58000000002
"632",185000,315000,5e+05,0.37,9178.58000000002
"633",175000,325000,5e+05,0.35,9478.58000000002
"634",165000,335000,5e+05,0.33,10412.66
"635",155000,345000,5e+05,0.31,11512.66
"636",145000,355000,5e+05,0.29,12612.66
"637",135000,365000,5e+05,0.27,13712.66
"638",125000,375000,5e+05,0.25,14322.86
"639",115000,385000,5e+05,0.23,14892.86
"640",105000,395000,5e+05,0.21,15462.86
"641",95000,405000,5e+05,0.19,16060.88
"642",85000,415000,5e+05,0.17,16830.88
"643",75000,425000,5e+05,0.15,17600.88
"644",65000,435000,5e+05,0.13,18370.88
"645",55000,445000,5e+05,0.11,19140.88
"646",45000,455000,5e+05,0.09,20578.48
"647",35000,465000,5e+05,0.07,22348.48
"648",25000,475000,5e+05,0.05,24118.48
"649",15000,485000,5e+05,0.03,26026.5
"650",245000,245000,490000,0.5,8239.55
"651",235000,255000,490000,0.479591836734694,8239.55
"652",225000,265000,490000,0.459183673469388,8239.55
"653",215000,275000,490000,0.438775510204082,8278.58
"654",205000,285000,490000,0.418367346938776,8578.58
"655",195000,295000,490000,0.397959183673469,8878.58
"656",185000,305000,490000,0.377551020408163,9178.58
"657",175000,315000,490000,0.357142857142857,9478.58
"658",165000,325000,490000,0.336734693877551,10412.66
"659",155000,335000,490000,0.316326530612245,11512.66
"660",145000,345000,490000,0.295918367346939,12612.66
"661",135000,355000,490000,0.275510204081633,13712.66
"662",125000,365000,490000,0.255102040816327,14322.86
"663",115000,375000,490000,0.23469387755102,14892.86
"664",105000,385000,490000,0.214285714285714,15462.86
"665",95000,395000,490000,0.193877551020408,16060.88
"666",85000,405000,490000,0.173469387755102,16830.88
"667",75000,415000,490000,0.153061224489796,17600.88
"668",65000,425000,490000,0.13265306122449,18370.88
"669",55000,435000,490000,0.112244897959184,19140.88
"670",45000,445000,490000,0.0918367346938776,20578.48
"671",35000,455000,490000,0.0714285714285714,22348.48
"672",25000,465000,490000,0.0510204081632653,24118.48
"673",15000,475000,490000,0.0306122448979592,26026.5
"674",235000,245000,480000,0.489583333333333,8239.55
"675",225000,255000,480000,0.46875,8239.55
"676",215000,265000,480000,0.447916666666667,8278.58
"677",205000,275000,480000,0.427083333333333,8578.58
"678",195000,285000,480000,0.40625,8878.58
"679",185000,295000,480000,0.385416666666667,9178.58
"680",175000,305000,480000,0.364583333333333,9478.58
"681",165000,315000,480000,0.34375,10412.66
"682",155000,325000,480000,0.322916666666667,11512.66
"683",145000,335000,480000,0.302083333333333,12612.66
"684",135000,345000,480000,0.28125,13712.66
"685",125000,355000,480000,0.260416666666667,14322.86
"686",115000,365000,480000,0.239583333333333,14892.86
"687",105000,375000,480000,0.21875,15462.86
"688",95000,385000,480000,0.197916666666667,16060.88
"689",85000,395000,480000,0.177083333333333,16830.88
"690",75000,405000,480000,0.15625,17600.88
"691",65000,415000,480000,0.135416666666667,18370.88
"692",55000,425000,480000,0.114583333333333,19140.88
"693",45000,435000,480000,0.09375,20578.48
"694",35000,445000,480000,0.0729166666666667,22348.48
"695",25000,455000,480000,0.0520833333333333,24118.48
"696",15000,465000,480000,0.03125,26026.5
"697",235000,235000,470000,0.5,8239.55
"698",225000,245000,470000,0.478723404255319,8239.55
"699",215000,255000,470000,0.457446808510638,8278.58
"700",205000,265000,470000,0.436170212765957,8578.58
"701",195000,275000,470000,0.414893617021277,8878.58
"702",185000,285000,470000,0.393617021276596,9178.58
"703",175000,295000,470000,0.372340425531915,9478.58
"704",165000,305000,470000,0.351063829787234,10412.66
"705",155000,315000,470000,0.329787234042553,11512.66
"706",145000,325000,470000,0.308510638297872,12612.66
"707",135000,335000,470000,0.287234042553192,13712.66
"708",125000,345000,470000,0.265957446808511,14322.86
"709",115000,355000,470000,0.24468085106383,14892.86
"710",105000,365000,470000,0.223404255319149,15462.86
"711",95000,375000,470000,0.202127659574468,16060.88
"712",85000,385000,470000,0.180851063829787,16830.88
"713",75000,395000,470000,0.159574468085106,17600.88
"714",65000,405000,470000,0.138297872340426,18370.88
"715",55000,415000,470000,0.117021276595745,19140.88
"716",45000,425000,470000,0.0957446808510638,20578.48
"717",35000,435000,470000,0.074468085106383,22348.48
"718",25000,445000,470000,0.0531914893617021,24118.48
"719",15000,455000,470000,0.0319148936170213,26026.5
"720",225000,235000,460000,0.489130434782609,8239.55
"721",215000,245000,460000,0.467391304347826,8278.58
"722",205000,255000,460000,0.445652173913043,8578.58
"723",195000,265000,460000,0.423913043478261,8878.58
"724",185000,275000,460000,0.402173913043478,9178.58
"725",175000,285000,460000,0.380434782608696,9478.58
"726",165000,295000,460000,0.358695652173913,10412.66
"727",155000,305000,460000,0.33695652173913,11512.66
"728",145000,315000,460000,0.315217391304348,12612.66
"729",135000,325000,460000,0.293478260869565,13712.66
"730",125000,335000,460000,0.271739130434783,14322.86
"731",115000,345000,460000,0.25,14892.86
"732",105000,355000,460000,0.228260869565217,15462.86
"733",95000,365000,460000,0.206521739130435,16060.88
"734",85000,375000,460000,0.184782608695652,16830.88
"735",75000,385000,460000,0.16304347826087,17600.88
"736",65000,395000,460000,0.141304347826087,18370.88
"737",55000,405000,460000,0.119565217391304,19140.88
"738",45000,415000,460000,0.0978260869565217,20578.48
"739",35000,425000,460000,0.0760869565217391,22348.48
"740",25000,435000,460000,0.0543478260869565,24118.48
"741",15000,445000,460000,0.0326086956521739,26026.5
"742",225000,225000,450000,0.5,8239.55
"743",215000,235000,450000,0.477777777777778,8278.58
"744",205000,245000,450000,0.455555555555556,8578.58
"745",195000,255000,450000,0.433333333333333,8878.58
"746",185000,265000,450000,0.411111111111111,9178.58
"747",175000,275000,450000,0.388888888888889,9478.58
"748",165000,285000,450000,0.366666666666667,10412.66
"749",155000,295000,450000,0.344444444444444,11512.66
"750",145000,305000,450000,0.322222222222222,12612.66
"751",135000,315000,450000,0.3,13712.66
"752",125000,325000,450000,0.277777777777778,14322.86
"753",115000,335000,450000,0.255555555555556,14892.86
"754",105000,345000,450000,0.233333333333333,15462.86
"755",95000,355000,450000,0.211111111111111,16060.88
"756",85000,365000,450000,0.188888888888889,16830.88
"757",75000,375000,450000,0.166666666666667,17600.88
"758",65000,385000,450000,0.144444444444444,18370.88
"759",55000,395000,450000,0.122222222222222,19140.88
"760",45000,405000,450000,0.1,20578.48
"761",35000,415000,450000,0.0777777777777778,22348.48
"762",25000,425000,450000,0.0555555555555556,24118.48
"763",15000,435000,450000,0.0333333333333333,26026.5
"764",215000,225000,440000,0.488636363636364,8278.58
"765",205000,235000,440000,0.465909090909091,8578.58
"766",195000,245000,440000,0.443181818181818,8878.58
"767",185000,255000,440000,0.420454545454545,9178.58
"768",175000,265000,440000,0.397727272727273,9478.58
"769",165000,275000,440000,0.375,10412.66
"770",155000,285000,440000,0.352272727272727,11512.66
"771",145000,295000,440000,0.329545454545455,12612.66
"772",135000,305000,440000,0.306818181818182,13712.66
"773",125000,315000,440000,0.284090909090909,14322.86
"774",115000,325000,440000,0.261363636363636,14892.86
"775",105000,335000,440000,0.238636363636364,15462.86
"776",95000,345000,440000,0.215909090909091,16060.88
"777",85000,355000,440000,0.193181818181818,16830.88
"778",75000,365000,440000,0.170454545454545,17600.88
"779",65000,375000,440000,0.147727272727273,18370.88
"780",55000,385000,440000,0.125,19140.88
"781",45000,395000,440000,0.102272727272727,20578.48
"782",35000,405000,440000,0.0795454545454545,22348.48
"783",25000,415000,440000,0.0568181818181818,24118.48
"784",15000,425000,440000,0.0340909090909091,26026.5
"785",215000,215000,430000,0.5,8239.58
"786",205000,225000,430000,0.476744186046512,8500.55
"787",195000,235000,430000,0.453488372093023,8800.55
"788",185000,245000,430000,0.430232558139535,9100.55
"789",175000,255000,430000,0.406976744186047,9400.55
"790",165000,265000,430000,0.383720930232558,10334.63
"791",155000,275000,430000,0.36046511627907,11434.63
"792",145000,285000,430000,0.337209302325581,12534.63
"793",135000,295000,430000,0.313953488372093,13634.63
"794",125000,305000,430000,0.290697674418605,14244.83
"795",115000,315000,430000,0.267441860465116,14814.83
"796",105000,325000,430000,0.244186046511628,15384.83
"797",95000,335000,430000,0.22093023255814,15982.85
"798",85000,345000,430000,0.197674418604651,16752.85
"799",75000,355000,430000,0.174418604651163,17522.85
"800",65000,365000,430000,0.151162790697674,18292.85
"801",55000,375000,430000,0.127906976744186,19062.85
"802",45000,385000,430000,0.104651162790698,20500.45
"803",35000,395000,430000,0.0813953488372093,22270.45
"804",25000,405000,430000,0.0581395348837209,24040.45
"805",15000,415000,430000,0.0348837209302326,25948.47
"806",205000,215000,420000,0.488095238095238,8239.58
"807",195000,225000,420000,0.464285714285714,8500.55
"808",185000,235000,420000,0.44047619047619,8800.55
"809",175000,245000,420000,0.416666666666667,9100.55
"810",165000,255000,420000,0.392857142857143,10034.63
"811",155000,265000,420000,0.369047619047619,11134.63
"812",145000,275000,420000,0.345238095238095,12234.63
"813",135000,285000,420000,0.321428571428571,13334.63
"814",125000,295000,420000,0.297619047619048,13944.83
"815",115000,305000,420000,0.273809523809524,14514.83
"816",105000,315000,420000,0.25,15084.83
"817",95000,325000,420000,0.226190476190476,15682.85
"818",85000,335000,420000,0.202380952380952,16452.85
"819",75000,345000,420000,0.178571428571429,17222.85
"820",65000,355000,420000,0.154761904761905,17992.85
"821",55000,365000,420000,0.130952380952381,18762.85
"822",45000,375000,420000,0.107142857142857,20200.45
"823",35000,385000,420000,0.0833333333333333,21970.45
"824",25000,395000,420000,0.0595238095238095,23740.45
"825",15000,405000,420000,0.0357142857142857,25648.47
"826",205000,205000,410000,0.5,8239.58
"827",195000,215000,410000,0.475609756097561,8239.58
"828",185000,225000,410000,0.451219512195122,8500.55
"829",175000,235000,410000,0.426829268292683,8800.55
"830",165000,245000,410000,0.402439024390244,9734.62999999999
"831",155000,255000,410000,0.378048780487805,10834.63
"832",145000,265000,410000,0.353658536585366,11934.63
"833",135000,275000,410000,0.329268292682927,13034.63
"834",125000,285000,410000,0.304878048780488,13644.83
"835",115000,295000,410000,0.280487804878049,14214.83
"836",105000,305000,410000,0.25609756097561,14784.83
"837",95000,315000,410000,0.231707317073171,15382.85
"838",85000,325000,410000,0.207317073170732,16152.85
"839",75000,335000,410000,0.182926829268293,16922.85
"840",65000,345000,410000,0.158536585365854,17692.85
"841",55000,355000,410000,0.134146341463415,18462.85
"842",45000,365000,410000,0.109756097560976,19900.45
"843",35000,375000,410000,0.0853658536585366,21670.45
"844",25000,385000,410000,0.0609756097560976,23440.45
"845",15000,395000,410000,0.0365853658536585,25348.47
"846",195000,205000,4e+05,0.4875,8239.58
"847",185000,215000,4e+05,0.4625,8239.58
"848",175000,225000,4e+05,0.4375,8500.55
"849",165000,235000,4e+05,0.4125,9434.62999999999
"850",155000,245000,4e+05,0.3875,10534.63
"851",145000,255000,4e+05,0.3625,11634.63
"852",135000,265000,4e+05,0.3375,12734.63
"853",125000,275000,4e+05,0.3125,13344.83
"854",115000,285000,4e+05,0.2875,13914.83
"855",105000,295000,4e+05,0.2625,14484.83
"856",95000,305000,4e+05,0.2375,15082.85
"857",85000,315000,4e+05,0.2125,15852.85
"858",75000,325000,4e+05,0.1875,16622.85
"859",65000,335000,4e+05,0.1625,17392.85
"860",55000,345000,4e+05,0.1375,18162.85
"861",45000,355000,4e+05,0.1125,19600.45
"862",35000,365000,4e+05,0.0875,21370.45
"863",25000,375000,4e+05,0.0625,23140.45
"864",15000,385000,4e+05,0.0375,25048.47
"865",195000,195000,390000,0.5,8239.58
"866",185000,205000,390000,0.474358974358974,8239.58
"867",175000,215000,390000,0.448717948717949,8239.58
"868",165000,225000,390000,0.423076923076923,9134.62999999999
"869",155000,235000,390000,0.397435897435897,10234.63
"870",145000,245000,390000,0.371794871794872,11334.63
"871",135000,255000,390000,0.346153846153846,12434.63
"872",125000,265000,390000,0.320512820512821,13044.83
"873",115000,275000,390000,0.294871794871795,13614.83
"874",105000,285000,390000,0.269230769230769,14184.83
"875",95000,295000,390000,0.243589743589744,14782.85
"876",85000,305000,390000,0.217948717948718,15552.85
"877",75000,315000,390000,0.192307692307692,16322.85
"878",65000,325000,390000,0.166666666666667,17092.85
"879",55000,335000,390000,0.141025641025641,17862.85
"880",45000,345000,390000,0.115384615384615,19300.45
"881",35000,355000,390000,0.0897435897435897,21070.45
"882",25000,365000,390000,0.0641025641025641,22840.45
"883",15000,375000,390000,0.0384615384615385,24748.47
"884",185000,195000,380000,0.486842105263158,8239.58
"885",175000,205000,380000,0.460526315789474,8239.58
"886",165000,215000,380000,0.434210526315789,8873.65999999999
"887",155000,225000,380000,0.407894736842105,9934.63
"888",145000,235000,380000,0.381578947368421,11034.63
"889",135000,245000,380000,0.355263157894737,12134.63
"890",125000,255000,380000,0.328947368421053,12744.83
"891",115000,265000,380000,0.302631578947368,13314.83
"892",105000,275000,380000,0.276315789473684,13884.83
"893",95000,285000,380000,0.25,14482.85
"894",85000,295000,380000,0.223684210526316,15252.85
"895",75000,305000,380000,0.197368421052632,16022.85
"896",65000,315000,380000,0.171052631578947,16792.85
"897",55000,325000,380000,0.144736842105263,17562.85
"898",45000,335000,380000,0.118421052631579,19000.45
"899",35000,345000,380000,0.0921052631578947,20770.45
"900",25000,355000,380000,0.0657894736842105,22540.45
"901",15000,365000,380000,0.0394736842105263,24448.47
"902",185000,185000,370000,0.5,8239.58
"903",175000,195000,370000,0.472972972972973,8239.58
"904",165000,205000,370000,0.445945945945946,8873.65999999999
"905",155000,215000,370000,0.418918918918919,9673.66
"906",145000,225000,370000,0.391891891891892,10734.63
"907",135000,235000,370000,0.364864864864865,11834.63
"908",125000,245000,370000,0.337837837837838,12444.83
"909",115000,255000,370000,0.310810810810811,13014.83
"910",105000,265000,370000,0.283783783783784,13584.83
"911",95000,275000,370000,0.256756756756757,14182.85
"912",85000,285000,370000,0.22972972972973,14952.85
"913",75000,295000,370000,0.202702702702703,15722.85
"914",65000,305000,370000,0.175675675675676,16492.85
"915",55000,315000,370000,0.148648648648649,17262.85
"916",45000,325000,370000,0.121621621621622,18700.45
"917",35000,335000,370000,0.0945945945945946,20470.45
"918",25000,345000,370000,0.0675675675675676,22240.45
"919",15000,355000,370000,0.0405405405405405,24148.47
"920",175000,185000,360000,0.486111111111111,8239.58
"921",165000,195000,360000,0.458333333333333,8873.65999999999
"922",155000,205000,360000,0.430555555555556,9673.66
"923",145000,215000,360000,0.402777777777778,10473.66
"924",135000,225000,360000,0.375,11534.63
"925",125000,235000,360000,0.347222222222222,12144.83
"926",115000,245000,360000,0.319444444444444,12714.83
"927",105000,255000,360000,0.291666666666667,13284.83
"928",95000,265000,360000,0.263888888888889,13882.85
"929",85000,275000,360000,0.236111111111111,14652.85
"930",75000,285000,360000,0.208333333333333,15422.85
"931",65000,295000,360000,0.180555555555556,16192.85
"932",55000,305000,360000,0.152777777777778,16962.85
"933",45000,315000,360000,0.125,18400.45
"934",35000,325000,360000,0.0972222222222222,20170.45
"935",25000,335000,360000,0.0694444444444444,21940.45
"936",15000,345000,360000,0.0416666666666667,23848.47
"937",175000,175000,350000,0.5,8239.58
"938",165000,185000,350000,0.471428571428571,8873.65999999999
"939",155000,195000,350000,0.442857142857143,9673.66
"940",145000,205000,350000,0.414285714285714,10473.66
"941",135000,215000,350000,0.385714285714286,11273.66
"942",125000,225000,350000,0.357142857142857,11844.83
"943",115000,235000,350000,0.328571428571429,12414.83
"944",105000,245000,350000,0.3,12984.83
"945",95000,255000,350000,0.271428571428571,13582.85
"946",85000,265000,350000,0.242857142857143,14352.85
"947",75000,275000,350000,0.214285714285714,15122.85
"948",65000,285000,350000,0.185714285714286,15892.85
"949",55000,295000,350000,0.157142857142857,16662.85
"950",45000,305000,350000,0.128571428571429,18100.45
"951",35000,315000,350000,0.1,19870.45
"952",25000,325000,350000,0.0714285714285714,21640.45
"953",15000,335000,350000,0.0428571428571429,23548.47
"954",165000,175000,340000,0.485294117647059,8405.57999999999
"955",155000,185000,340000,0.455882352941176,9205.58
"956",145000,195000,340000,0.426470588235294,10005.58
"957",135000,205000,340000,0.397058823529412,10805.58
"958",125000,215000,340000,0.367647058823529,11115.78
"959",115000,225000,340000,0.338235294117647,11646.75
"960",105000,235000,340000,0.308823529411765,12216.75
"961",95000,245000,340000,0.279411764705882,12814.77
"962",85000,255000,340000,0.25,13584.77
"963",75000,265000,340000,0.220588235294118,14354.77
"964",65000,275000,340000,0.191176470588235,15124.77
"965",55000,285000,340000,0.161764705882353,15894.77
"966",45000,295000,340000,0.132352941176471,17332.37
"967",35000,305000,340000,0.102941176470588,19102.37
"968",25000,315000,340000,0.0735294117647059,20872.37
"969",15000,325000,340000,0.0441176470588235,22780.39
"970",165000,165000,330000,0.5,8239.65999999999
"971",155000,175000,330000,0.46969696969697,8405.58
"972",145000,185000,330000,0.439393939393939,9205.58
"973",135000,195000,330000,0.409090909090909,10005.58
"974",125000,205000,330000,0.378787878787879,10315.78
"975",115000,215000,330000,0.348484848484849,10585.78
"976",105000,225000,330000,0.318181818181818,11116.75
"977",95000,235000,330000,0.287878787878788,11714.77
"978",85000,245000,330000,0.257575757575758,12484.77
"979",75000,255000,330000,0.227272727272727,13254.77
"980",65000,265000,330000,0.196969696969697,14024.77
"981",55000,275000,330000,0.166666666666667,14794.77
"982",45000,285000,330000,0.136363636363636,16232.37
"983",35000,295000,330000,0.106060606060606,18002.37
"984",25000,305000,330000,0.0757575757575758,19772.37
"985",15000,315000,330000,0.0454545454545455,21680.39
"986",155000,165000,320000,0.484375,8239.66
"987",145000,175000,320000,0.453125,8405.58
"988",135000,185000,320000,0.421875,9205.58
"989",125000,195000,320000,0.390625,9515.78
"990",115000,205000,320000,0.359375,9785.78
"991",105000,215000,320000,0.328125,10055.78
"992",95000,225000,320000,0.296875,10614.77
"993",85000,235000,320000,0.265625,11384.77
"994",75000,245000,320000,0.234375,12154.77
"995",65000,255000,320000,0.203125,12924.77
"996",55000,265000,320000,0.171875,13694.77
"997",45000,275000,320000,0.140625,15132.37
"998",35000,285000,320000,0.109375,16902.37
"999",25000,295000,320000,0.078125,18672.37
"1000",15000,305000,320000,0.046875,20580.39
"1001",155000,155000,310000,0.5,8239.66
"1002",145000,165000,310000,0.467741935483871,8239.66
"1003",135000,175000,310000,0.435483870967742,8405.58
"1004",125000,185000,310000,0.403225806451613,8715.78
"1005",115000,195000,310000,0.370967741935484,8985.78
"1006",105000,205000,310000,0.338709677419355,9255.78
"1007",95000,215000,310000,0.306451612903226,9553.8
"1008",85000,225000,310000,0.274193548387097,10284.77
"1009",75000,235000,310000,0.241935483870968,11054.77
"1010",65000,245000,310000,0.209677419354839,11824.77
"1011",55000,255000,310000,0.17741935483871,12594.77
"1012",45000,265000,310000,0.145161290322581,14032.37
"1013",35000,275000,310000,0.112903225806452,15802.37
"1014",25000,285000,310000,0.0806451612903226,17572.37
"1015",15000,295000,310000,0.0483870967741935,19480.39
"1016",145000,155000,3e+05,0.483333333333333,8239.66
"1017",135000,165000,3e+05,0.45,8239.66
"1018",125000,175000,3e+05,0.416666666666667,7915.78
"1019",115000,185000,3e+05,0.383333333333333,8185.78
"1020",105000,195000,3e+05,0.35,8455.78
"1021",95000,205000,3e+05,0.316666666666667,8753.8
"1022",85000,215000,3e+05,0.283333333333333,9223.79999999999
"1023",75000,225000,3e+05,0.25,9954.77
"1024",65000,235000,3e+05,0.216666666666667,10724.77
"1025",55000,245000,3e+05,0.183333333333333,11494.77
"1026",45000,255000,3e+05,0.15,12932.37
"1027",35000,265000,3e+05,0.116666666666667,14702.37
"1028",25000,275000,3e+05,0.0833333333333333,16472.37
"1029",15000,285000,3e+05,0.05,18380.39
"1030",145000,145000,290000,0.5,8239.66
"1031",135000,155000,290000,0.46551724137931,8239.66
"1032",125000,165000,290000,0.431034482758621,7749.85999999999
"1033",115000,175000,290000,0.396551724137931,7385.78
"1034",105000,185000,290000,0.362068965517241,7655.78
"1035",95000,195000,290000,0.327586206896552,7953.8
"1036",85000,205000,290000,0.293103448275862,8423.79999999999
"1037",75000,215000,290000,0.258620689655172,8893.8
"1038",65000,225000,290000,0.224137931034483,9624.77
"1039",55000,235000,290000,0.189655172413793,10394.77
"1040",45000,245000,290000,0.155172413793103,11832.37
"1041",35000,255000,290000,0.120689655172414,13602.37
"1042",25000,265000,290000,0.0862068965517241,15372.37
"1043",15000,275000,290000,0.0517241379310345,17280.39
"1044",135000,145000,280000,0.482142857142857,8239.66
"1045",125000,155000,280000,0.446428571428571,7749.86
"1046",115000,165000,280000,0.410714285714286,7219.85999999999
"1047",105000,175000,280000,0.375,6855.78
"1048",95000,185000,280000,0.339285714285714,7153.8
"1049",85000,195000,280000,0.303571428571429,7623.79999999999
"1050",75000,205000,280000,0.267857142857143,8093.8
"1051",65000,215000,280000,0.232142857142857,8563.8
"1052",55000,225000,280000,0.196428571428571,9294.77
"1053",45000,235000,280000,0.160714285714286,10732.37
"1054",35000,245000,280000,0.125,12502.37
"1055",25000,255000,280000,0.0892857142857143,14272.37
"1056",15000,265000,280000,0.0535714285714286,16180.39
"1057",135000,135000,270000,0.5,8239.66
"1058",125000,145000,270000,0.462962962962963,7749.86
"1059",115000,155000,270000,0.425925925925926,7219.86
"1060",105000,165000,270000,0.388888888888889,6689.85999999999
"1061",95000,175000,270000,0.351851851851852,6353.8
"1062",85000,185000,270000,0.314814814814815,6823.79999999999
"1063",75000,195000,270000,0.277777777777778,7293.8
"1064",65000,205000,270000,0.240740740740741,7763.8
"1065",55000,215000,270000,0.203703703703704,8233.8
"1066",45000,225000,270000,0.166666666666667,9632.37
"1067",35000,235000,270000,0.12962962962963,11402.37
"1068",25000,245000,270000,0.0925925925925926,13172.37
"1069",15000,255000,270000,0.0555555555555556,15080.39
"1070",125000,135000,260000,0.480769230769231,7749.86
"1071",115000,145000,260000,0.442307692307692,7219.86
"1072",105000,155000,260000,0.403846153846154,6689.86
"1073",95000,165000,260000,0.365384615384615,6187.87999999999
"1074",85000,175000,260000,0.326923076923077,6023.8
"1075",75000,185000,260000,0.288461538461538,6493.8
"1076",65000,195000,260000,0.25,6963.8
"1077",55000,205000,260000,0.211538461538462,7433.8
"1078",45000,215000,260000,0.173076923076923,8571.39999999999
"1079",35000,225000,260000,0.134615384615385,10302.37
"1080",25000,235000,260000,0.0961538461538462,12072.37
"1081",15000,245000,260000,0.0576923076923077,13980.39
"1082",125000,125000,250000,0.5,7260.06
"1083",115000,135000,250000,0.46,7219.86
"1084",105000,145000,250000,0.42,6689.86
"1085",95000,155000,250000,0.38,6187.88
"1086",85000,165000,250000,0.34,5857.87999999999
"1087",75000,175000,250000,0.3,5693.8
"1088",65000,185000,250000,0.26,6163.8
"1089",55000,195000,250000,0.22,6633.8
"1090",45000,205000,250000,0.18,7771.39999999999
"1091",35000,215000,250000,0.14,9241.39999999999
"1092",25000,225000,250000,0.1,10972.37
"1093",15000,235000,250000,0.06,12880.39
"1094",115000,125000,240000,0.479166666666667,6640.06
"1095",105000,135000,240000,0.4375,6599.86
"1096",95000,145000,240000,0.395833333333333,6097.88
"1097",85000,155000,240000,0.354166666666667,5767.88
"1098",75000,165000,240000,0.3125,5437.87999999999
"1099",65000,175000,240000,0.270833333333333,5273.8
"1100",55000,185000,240000,0.229166666666667,5743.8
"1101",45000,195000,240000,0.1875,6881.39999999999
"1102",35000,205000,240000,0.145833333333333,8351.39999999999
"1103",25000,215000,240000,0.104166666666667,9821.4
"1104",15000,225000,240000,0.0625,11690.39
"1105",115000,115000,230000,0.5,6020.06
"1106",105000,125000,230000,0.456521739130435,6020.06
"1107",95000,135000,230000,0.41304347826087,6007.88
"1108",85000,145000,230000,0.369565217391304,5677.88
"1109",75000,155000,230000,0.326086956521739,5347.88
"1110",65000,165000,230000,0.282608695652174,5017.87999999999
"1111",55000,175000,230000,0.239130434782609,4853.8
"1112",45000,185000,230000,0.195652173913043,5991.39999999999
"1113",35000,195000,230000,0.152173913043478,7461.39999999999
"1114",25000,205000,230000,0.108695652173913,8931.4
"1115",15000,215000,230000,0.0652173913043478,10539.42
"1116",105000,115000,220000,0.477272727272727,5400.06
"1117",95000,125000,220000,0.431818181818182,5428.08
"1118",85000,135000,220000,0.386363636363636,5587.88
"1119",75000,145000,220000,0.340909090909091,5257.88
"1120",65000,155000,220000,0.295454545454545,4927.88
"1121",55000,165000,220000,0.25,4597.87999999999
"1122",45000,175000,220000,0.204545454545455,5101.39999999999
"1123",35000,185000,220000,0.159090909090909,6571.39999999999
"1124",25000,195000,220000,0.113636363636364,8041.4
"1125",15000,205000,220000,0.0681818181818182,9649.42
"1126",105000,105000,210000,0.5,4780.06
"1127",95000,115000,210000,0.452380952380952,4808.08
"1128",85000,125000,210000,0.404761904761905,5008.07999999999
"1129",75000,135000,210000,0.357142857142857,5167.88
"1130",65000,145000,210000,0.30952380952381,4837.88
"1131",55000,155000,210000,0.261904761904762,4507.88
"1132",45000,165000,210000,0.214285714285714,4845.48
"1133",35000,175000,210000,0.166666666666667,5681.39999999999
"1134",25000,185000,210000,0.119047619047619,7151.4
"1135",15000,195000,210000,0.0714285714285714,8759.42
"1136",95000,105000,2e+05,0.475,4188.08
"1137",85000,115000,2e+05,0.425,4388.07999999999
"1138",75000,125000,2e+05,0.375,4588.07999999999
"1139",65000,135000,2e+05,0.325,4747.88
"1140",55000,145000,2e+05,0.275,4417.88
"1141",45000,155000,2e+05,0.225,4755.48
"1142",35000,165000,2e+05,0.175,5425.48
"1143",25000,175000,2e+05,0.125,6261.4
"1144",15000,185000,2e+05,0.075,7869.42
"1145",95000,95000,190000,0.5,3540.08000000001
"1146",85000,105000,190000,0.447368421052632,3712.06
"1147",75000,115000,190000,0.394736842105263,3912.06
"1148",65000,125000,190000,0.342105263157895,4112.06000000001
"1149",55000,135000,190000,0.289473684210526,4271.86000000002
"1150",45000,145000,190000,0.236842105263158,4609.46000000001
"1151",35000,155000,190000,0.184210526315789,5279.46000000001
"1152",25000,165000,190000,0.131578947368421,5949.46000000001
"1153",15000,175000,190000,0.0789473684210526,6923.40000000001
"1154",85000,95000,180000,0.472222222222222,2920.08
"1155",75000,105000,180000,0.416666666666667,3092.06
"1156",65000,115000,180000,0.361111111111111,3292.06000000001
"1157",55000,125000,180000,0.305555555555556,3492.06000000001
"1158",45000,135000,180000,0.25,4319.46000000001
"1159",35000,145000,180000,0.194444444444444,4989.46000000001
"1160",25000,155000,180000,0.138888888888889,5659.46000000001
"1161",15000,165000,180000,0.0833333333333333,6467.48
"1162",85000,85000,170000,0.5,2300.07999999999
"1163",75000,95000,170000,0.441176470588235,2300.08
"1164",65000,105000,170000,0.382352941176471,2472.06
"1165",55000,115000,170000,0.323529411764706,2672.06
"1166",45000,125000,170000,0.264705882352941,3539.66
"1167",35000,135000,170000,0.205882352941176,4699.46
"1168",25000,145000,170000,0.147058823529412,5369.46000000001
"1169",15000,155000,170000,0.0882352941176471,6177.48
"1170",75000,85000,160000,0.46875,1680.07999999999
"1171",65000,95000,160000,0.40625,1680.08
"1172",55000,105000,160000,0.34375,1852.06
"1173",45000,115000,160000,0.28125,2719.66
"1174",35000,125000,160000,0.21875,3919.66
"1175",25000,135000,160000,0.15625,5079.46000000001
"1176",15000,145000,160000,0.09375,5887.48
"1177",75000,75000,150000,0.5,1060.08
"1178",65000,85000,150000,0.433333333333333,1060.08
"1179",55000,95000,150000,0.366666666666667,1060.08
"1180",45000,105000,150000,0.3,1899.66
"1181",35000,115000,150000,0.233333333333333,3099.66
"1182",25000,125000,150000,0.166666666666667,4299.66
"1183",15000,135000,150000,0.1,5597.48
"1184",65000,75000,140000,0.464285714285714,440.080000000002
"1185",55000,85000,140000,0.392857142857143,440.079999999998
"1186",45000,95000,140000,0.321428571428571,1107.68
"1187",35000,105000,140000,0.25,2279.66
"1188",25000,115000,140000,0.178571428571429,3479.66
"1189",15000,125000,140000,0.107142857142857,4817.68
"1190",65000,65000,130000,0.5,-0.119999999995343
"1191",55000,75000,130000,0.423076923076923,-0.119999999995343
"1192",45000,85000,130000,0.346153846153846,667.48
"1193",35000,95000,130000,0.269230769230769,1667.48
"1194",25000,105000,130000,0.192307692307692,2839.46
"1195",15000,115000,130000,0.115384615384615,4177.48
"1196",55000,65000,120000,0.458333333333333,-0.119999999998981
"1197",45000,75000,120000,0.375,667.48
"1198",35000,85000,120000,0.291666666666667,1667.48
"1199",25000,95000,120000,0.208333333333333,2667.48
"1200",15000,105000,120000,0.125,3977.48
"1201",55000,55000,110000,0.5,-0.119999999998981
"1202",45000,65000,110000,0.409090909090909,667.48
"1203",35000,75000,110000,0.318181818181818,1667.48
"1204",25000,85000,110000,0.227272727272727,2667.48
"1205",15000,95000,110000,0.136363636363636,3805.5
"1206",45000,55000,1e+05,0.45,332.380000000001
"1207",35000,65000,1e+05,0.35,1332.38
"1208",25000,75000,1e+05,0.25,2332.38
"1209",15000,85000,1e+05,0.15,3470.4
"1210",45000,45000,90000,0.5,-0.0200000000004366
"1211",35000,55000,90000,0.388888888888889,332.380000000001
"1212",25000,65000,90000,0.277777777777778,1332.38
"1213",15000,75000,90000,0.166666666666667,2470.4
"1214",35000,45000,80000,0.4375,-0.0200000000004366
"1215",25000,55000,80000,0.3125,332.380000000001
"1216",15000,65000,80000,0.1875,1470.4
"1217",35000,35000,70000,0.5,-0.0200000000004366
"1218",25000,45000,70000,0.357142857142857,-0.0200000000004366
"1219",15000,55000,70000,0.214285714285714,470.400000000001
"1220",25000,35000,60000,0.416666666666667,-0.0200000000004366
"1221",15000,45000,60000,0.25,138
"1222",25000,25000,50000,0.5,-0.0199999999995271
"1223",15000,35000,50000,0.3,138
"1224",15000,25000,40000,0.375,61.9799999999996
"1225",15000,15000,30000,0.5,0
